{
  "project_info": {
    "project_number": "38258166906",
    "firebase_url": "https://buanamekar-49d98.firebaseio.com",
    "project_id": "buanamekar-49d98",
    "storage_bucket": "buanamekar-49d98.appspot.com"
  },
  "client": [
    {
      "client_info": {
        "mobilesdk_app_id": "1:38258166906:android:f7185f29a07e541935ffc3",
        "android_client_info": {
          "package_name": "com.example.buanamekar"
        }
      },
      "oauth_client": [
        {
          "client_id": "38258166906-kf82pnhc7vu1gcup38d0v1npk303mae9.apps.googleusercontent.com",
          "client_type": 3
        }
      ],
      "api_key": [
        {
          "current_key": "AIzaSyAgjkV9Q2J-QvsuagWJCV1fZsrqwfp4p2g"
        }
      ],
      "services": {
        "appinvite_service": {
          "other_platform_oauth_client": [
            {
              "client_id": "38258166906-kf82pnhc7vu1gcup38d0v1npk303mae9.apps.googleusercontent.com",
              "client_type": 3
            }
          ]
        }
      }
    }
  ],
  "configuration_version": "1"
}